Column,Score
42,1
12,0.632471
22,0.00104326
14,3.4474e-05
7,6.45998e-06
20,0
21,0
